region,cash_capita,real_incomes,real_pay,formal_wage_paid,child_mortality,disabled,alco,drugs,gross,living_area,poor_living_conditions,general_morbidity,teen_pregnancy,birth,population,poverty_percent,children_per,pensioners_per,working_age_per,reg_mining,reg_electric,reg_water,reg_manuf,reg_indust,retail,welfare,orphans_need,adopted,children_%,retiree,pension,retired_percent,living_wage,crime
Белгородская область,30692.5,-0.02698770654870397,0.22614744412159982,30920.333333333332,139.21875,2155027.8333333335,71.72857142857143,4.007142857142857,244680.468,17.8,0.4,72686.75,1122.5333333333333,15822.873749999999,1531917,14.75769230769231,44.8,12.9,42.3,158411361.2,26791541.65,10532428.475000001,702250454.7475,897985786.0224999,202995.55555555556,14.166666666666666,215.25,249.375,18.31038564375,414591.14285714284,13824.707142857145,27.214285714285715,9593.0,4414.24358974359
Брянская область,26015.5,-0.06690023370550013,0.1639877762240003,26399.166666666668,154.40625,1131006.6666666667,157.67142857142858,13.242857142857142,123532.82,24.1,0.0,77822.6,881.6333333333333,12637.248124999998,1168771,20.042307692307695,44.8,3.7,51.6,296917.6,17344879.15,8773979.425,229727711.45,256143487.625,196209.66666666666,23.46666666666667,350.5,322.0,18.620792845,291857.5714285714,13599.815714285713,27.428571428571427,10950.0,5347.576923076923
Владимирская область,23908.333333333332,-0.10443032203535974,0.20405602298239978,29127.166666666668,142.78125,1318312.0,113.42857142857143,9.828571428571431,149340.336,16.1,0.0,93964.65,1356.9,14255.8125,1323659,23.0923076923077,34.8,4.8,60.4,4849978.175000001,36170907.3725,11442077.2225,468223820.4625,520686783.2325,156336.11111111112,22.150000000000002,408.5,485.625,17.9897940075,396645.14285714284,13789.344285714285,28.914285714285715,10808.0,6038.5641025641025
Воронежская область,30422.833333333332,-0.12070554198400008,0.18167092345068814,30077.0,216.3125,2291731.5,121.75,17.414285714285715,168933.316,19.9,0.1,54782.65,398.3,22572.365625,2287678,19.438461538461535,28.5,2.3,69.2,8066536.025,109002283.43249999,14969465.45,482431170.57500005,614469455.4825001,222931.88888888888,19.150000000000002,207.375,644.5,17.079092595000002,627980.7142857143,13067.284285714284,28.48571428571429,9053.0,8375.846153846154
Ивановская область,24567.833333333332,-0.09711740056959994,0.09572324513536001,24856.666666666668,116.25,828748.6666666666,143.87142857142857,10.007142857142854,98471.104,18.1,0.9,88113.7,685.7666666666668,10306.934375,976918,30.826923076923077,47.5,5.0,47.5,1033696.0,30169063.15,5282217.5,157071216.75,193556193.4,159397.22222222222,25.483333333333334,402.625,282.5,17.83535117125,281335.0,13336.67142857143,28.45714285714286,10581.0,4168.115384615385
Калужская область,29652.333333333332,-0.07047221803007986,0.1657577776373762,36595.166666666664,107.71875,814970.3333333334,111.82857142857142,8.749999999999998,196359.24,15.5,0.0,73392.3,337.09999999999997,10689.56,1012844,19.376923076923074,31.1,18.4,50.4,4025444.6249999995,23811903.45,9653256.625,817518945.8499999,855009550.5500001,187557.88888888888,17.383333333333336,253.375,242.625,18.05518845,259523.14285714287,14074.642857142857,27.74285714285714,10964.0,5007.602564102564
Костромская область,23997.833333333332,-0.08976499295159779,0.18633695422775953,26784.0,90.875,629381.1666666666,99.43571428571427,10.807142857142855,135356.548,14.5,0.9,74140.05,845.6666666666666,7325.060625000001,620776,21.426923076923078,39.9,6.6,53.5,722849.5249999999,37505769.125,3475098.0749999997,133876644.795,175580361.52,152587.22222222222,19.23333333333333,148.0,188.0,19.904326899999997,177548.2857142857,13345.717142857146,27.714285714285715,11010.0,3359.8205128205127
Курская область,27167.833333333332,-0.08766640900717604,0.18337950081728027,29162.166666666668,137.90625,1260553.5,132.77142857142857,16.099999999999998,170308.99200000003,17.1,0.0,54176.85,326.09999999999997,11625.124375,1083584,18.44230769230769,34.2,6.5,59.2,92404853.925,59084033.35,7219572.149999999,194623977.70000002,353332437.125,180892.22222222222,21.26666666666667,276.875,221.625,18.3634055075,302172.14285714284,13029.295714285716,28.37142857142857,9997.0,5048.141025641025
Липецкая область,29782.0,-0.055597592619568204,0.2138243144861678,30319.5,115.6875,1240513.8333333333,129.89285714285714,11.878571428571428,217216.26799999998,16.5,0.0,66858.9,859.6666666666666,11952.746874999999,1113680,14.71923076923077,40.0,0.8,59.3,6848052.075,24792685.3,11362149.25,701470848.85,744473735.45,209416.66666666666,20.216666666666665,290.375,232.75,18.55077305125,314819.0,13445.482857142855,28.057142857142857,9828.0,4490.974358974359
Московская область,43506.333333333336,0.021426488036000002,0.12784535695033994,49282.333333333336,593.28125,4433168.166666667,76.97142857142858,16.36428571428571,255299.89599999998,14.8,0.5,70404.35,815.5,79399.61249999999,7768878,16.03076923076923,49.9,5.7,44.4,13963392.174999999,280464699.6125,94474868.0625,2764884561.6549997,3153787521.505,289690.3333333333,18.433333333333334,1155.875,1821.125,18.75572630125,1751143.5714285714,14976.687142857143,24.514285714285712,13169.0,23044.397435897437
Орловская область,24481.833333333332,-0.060097028694400145,0.18168841869487973,26455.166666666668,85.125,647316.5,117.71428571428571,3.4357142857142855,144886.38400000002,18.8,0.3,95950.0,1202.7,7664.8725,714094,20.41923076923077,41.5,8.0,50.5,220494.95,13519922.125,4135223.575,117474747.72500001,135350388.375,167366.44444444444,23.2,408.375,226.5,17.96694279,190578.2857142857,14017.914285714285,28.857142857142858,10378.0,2510.448717948718
Рязанская область,25233.333333333332,-0.10731871640245594,0.13469152838756027,30737.5,120.4375,1386434.1666666667,99.50714285714285,13.97142857142857,158744.296,19.0,0.1,69944.1,529.9,11123.372500000001,1085152,21.315384615384616,37.0,3.3,59.7,1631393.55,39072599.1,6728878.699999999,312083159.425,359516030.775,167230.11111111112,19.900000000000002,311.25,249.375,17.142944763750002,305245.85714285716,13563.912857142857,29.857142857142858,10785.0,3575.7179487179487
Смоленская область,25576.833333333332,-0.06362577281972004,0.15129350837659983,28106.833333333332,105.75,792538.1666666666,138.89999999999998,14.542857142857141,150257.084,19.4,1.0,70297.7,545.6666666666666,9159.1225,909856,19.411538461538463,34.7,12.0,53.3,1725722.7,54530737.8,10275663.175,207638354.52500004,274170478.25,171163.44444444444,22.900000000000002,542.25,282.75,17.02758432125,259018.2857142857,13247.057142857142,28.0,10752.0,4667.74358974359
Тамбовская область,26593.833333333332,-0.15067308296296011,0.1402167051674632,25865.5,105.0625,1159993.1666666667,96.70714285714284,3.4857142857142853,144409.12,19.7,0.3,64812.75,1675.2666666666667,9434.561249999999,980984,17.476923076923075,33.5,7.6,58.9,226047.8,15585229.28,3787303.6724999994,164407488.6225,184006069.29999998,185064.66666666666,20.349999999999998,268.625,199.625,16.6029463275,291929.4285714286,12560.382857142857,30.085714285714285,10178.0,5065.7307692307695
Тверская область,25350.833333333332,-0.07669368605439986,0.1991964562472961,29876.5,166.875,1029240.1666666666,107.07142857142858,7.414285714285714,153685.604,17.5,0.3,88438.65,632.9,13530.498749999999,1230190,21.542307692307695,31.0,3.8,65.1,818245.15,97523356.29999998,7650470.09,310013951.4375,416006022.9275,175691.11111111112,20.483333333333334,442.0,545.625,18.1714169325,363694.85714285716,13664.434285714286,29.057142857142857,11138.0,5285.5641025641025
Тульская область,27441.833333333332,-0.1001443689334538,0.20123246723521993,33716.0,160.15625,1555811.3333333333,113.34285714285714,6.800000000000002,172046.40399999998,16.6,0.5,72066.1,1103.8999999999999,13678.560625,1432570,15.753846153846156,38.8,5.3,56.0,6901331.625,52475929.900000006,12656186.575000001,731226136.6425,803259584.7425,184551.22222222222,22.53333333333333,475.75,355.5,16.254712742499997,365303.0,14465.884285714286,30.17142857142857,10999.0,4406.128205128205
Ярославская область,27634.666666666668,-0.14331992738799992,0.11542720190720002,32216.333333333332,116.0625,1082093.8333333333,110.89999999999999,9.02142857142857,196090.46400000004,15.8,0.3,87847.54999999999,1165.5,13513.123124999998,1227383,16.17307692307692,31.9,2.3,65.8,1459038.625,44894081.375,10014057.775,386209357.31749994,442576535.09250003,179946.55555555556,20.933333333333334,528.875,338.875,18.59582014,358271.0,14135.254285714287,25.042857142857144,10668.0,5032.0
Москва,68295.0,0.047644028876059785,0.2360495138633596,81277.66666666667,934.2352941176471,10738639.5,47.449999999999996,14.014285714285714,666775.68,13.8,0.2,63887.45,29.900000000000002,126391.95749999999,12635466,13.246153846153845,38.4,13.2,48.5,1483556769.8249998,821841736.6,162852200.425,6690318143.4,9158568850.3725,381303.22222222225,16.98333333333333,1751.125,1139.75,16.3624661825,2629444.285714286,15114.245714285715,26.82857142857143,17740.0,21935.666666666668
Республика Карелия,28694.333333333332,-0.0066726785175038605,0.23166547153495998,37844.333333333336,68.59375,649637.5,165.25,5.778571428571428,201989.98,17.1,1.7,111896.45,1420.9666666666665,7024.435000000001,603067,17.588461538461537,39.0,3.0,58.1,84099106.925,26187020.175,3682623.8,116973843.5775,230942594.4775,187858.77777777778,24.299999999999997,299.0,216.375,19.951755412500003,210027.14285714287,17165.198571428573,26.67142857142857,14196.0,4252.782051282052
Республика Коми,33560.5,-0.11171760286150012,0.10003387773055983,48616.833333333336,119.40625,658566.3333333334,151.40000000000003,16.11428571428571,354481.54400000005,15.5,3.6,109454.3,2441.1,10671.30625,803477,16.673076923076923,40.1,6.6,53.3,361085663.3,44297418.47,7317547.375,188525587.55,601226216.6949999,186469.0,20.533333333333335,883.875,351.125,22.020304464999995,257856.57142857142,17839.692857142858,22.114285714285717,14567.0,6934.884615384615
Ненецкий автономный округ,76707.66666666667,-0.021063161643255945,0.07073652857600021,80050.5,8.53125,30787.166666666668,229.27857142857144,7.785714285714285,2313806.2086956524,20.9,4.1,140189.45,2943.2333333333336,670.75,44540,9.053846153846154,45.6,2.0,52.4,308749444.075,3981916.7500000005,527223.1875,9904088.049999999,323162672.0625,205996.0,14.983333333333334,62.5,32.25,26.95241063,11658.285714285714,22034.112857142853,18.97142857142857,21757.0,307.6923076923077
Архангельская область,31840.0,-0.07958460504303977,0.21428379800000008,43617.166666666664,151.90625,906544.1666666666,88.98181818181818,3.9909090909090916,294858.776,16.9,0.7,100714.75,1738.5999999999997,13580.248749999999,1114322,19.888461538461538,28.5,7.2,64.3,31165007.900000002,33846746.80500001,5585370.305,243549474.995,314146600.005,215757.11111111112,20.75,988.25,466.25,20.32935614875,367776.71428571426,20534.57,27.442857142857147,13304.0,6793.358974358975
Вологодская область,27058.5,-0.05994425713254392,0.27607810241368047,34297.833333333336,156.03125,1018757.5,92.63571428571426,8.721428571428572,228138.928,16.9,0.3,90274.5,528.1,14235.561249999999,1139499,17.86923076923077,43.1,2.3,54.6,669063.05,40798652.67,8383994.975,674438091.52,724289802.215,152468.66666666666,24.53333333333333,614.875,631.5,20.791159465,318940.71428571426,14460.325714285715,25.97142857142857,11428.0,7414.525641025641
Калининградская область,27261.166666666668,-0.024520802973951872,0.045487470197888014,32327.0,99.78125,733852.8333333334,90.54999999999998,7.864285714285713,204617.41200000004,15.6,1.5,76454.25,486.8333333333333,10735.68125,1027678,19.984615384615388,29.1,6.1,64.8,17517609.650000002,40667273.05,6931951.5,554925126.585,620041960.7850001,163340.33333333334,9.883333333333335,375.125,241.75,19.14198646125,232510.85714285713,13383.598571428573,24.957142857142856,12084.0,3973.948717948718
Ленинградская область,30088.166666666668,0.11633922153152021,0.15356073090330802,41325.333333333336,118.53125,1438040.3333333333,87.21428571428568,16.535714285714285,264457.96,17.0,1.6,64176.549999999996,612.6999999999999,14647.6875,1911586,21.519230769230774,19.0,17.0,64.1,14594450.200000001,144040150.25,16499354.325,1052756373.95,1227890328.725,209093.33333333334,16.116666666666667,646.75,558.5,16.69770325,426627.4285714286,14447.365714285714,27.271428571428576,11289.0,5212.884615384615
Мурманская область,40922.5,-0.025654371466239834,0.20455297881804846,56300.333333333336,90.3125,301545.1666666667,105.97142857142855,23.492857142857137,312435.43200000003,17.7,0.6,85433.1,753.3333333333334,8342.06125,724452,15.803846153846155,43.7,0.4,55.8,136686851.2,57964703.940000005,9267728.58,353013923.45,556933207.175,218585.55555555556,21.46666666666667,330.75,217.75,20.23037542125,224775.57142857142,18700.19857142857,21.757142857142856,17723.0,3854.9615384615386
Новгородская область,25706.0,-0.20179706071398418,0.047689330687999965,30229.333333333332,73.78125,616694.5,141.94285714285712,11.957142857142857,196229.27599999998,17.6,0.0,89095.05,670.6666666666666,6602.934375000001,586129,19.51923076923077,40.1,1.3,58.6,1221826.225,20157764.0,3294941.05,198496487.55,223171018.7,183923.22222222222,22.150000000000002,170.125,252.875,19.039895744999995,171898.14285714287,13919.961428571429,29.171428571428574,11352.0,3419.0
Псковская область,23780.166666666668,-0.04260668587600003,0.18607680554845474,25903.166666666668,82.5,507972.1666666667,139.35714285714286,10.364285714285714,122982.07200000001,15.0,0.0,68390.8,661.6666666666666,6563.185,613356,23.21153846153847,29.6,9.3,61.0,1959051.65,11748870.575,5282303.75,111416275.9,130406501.875,172898.88888888888,21.316666666666666,281.375,266.125,18.014985423749998,178365.42857142858,13344.429999999998,29.37142857142857,11441.0,3294.051282051282
Санкт-Петербург,43499.0,0.10245890108016775,0.2560444765966998,56931.666666666664,413.75,6107657.166666667,40.74285714285715,17.571428571428573,355494.408,15.7,0.1,97324.25,519.6333333333333,58191.984999999986,5377503,13.926923076923076,25.7,9.8,64.6,29306675.700000003,211623404.925,66071914.125,2520337441.5249996,2827339436.275,251650.22222222222,15.733333333333333,1495.25,842.875,16.383031445,1318910.5714285714,15572.077142857142,26.62857142857143,11910.0,11120.384615384615
Республика Адыгея (Адыгея),26924.666666666668,0.10618721842428802,0.1909333942640543,26584.666666666668,53.65625,353184.1666666667,106.14545454545454,23.44545454545455,107133.48800000001,19.6,3.0,66094.3,330.1333333333334,5166.18375,468340,25.48076923076923,44.6,5.4,50.1,3066325.625,3044502.0250000004,1750526.5750000002,50554393.625,58415747.85,200947.55555555556,19.583333333333332,33.375,164.625,21.305339625000002,103181.42857142857,12441.06714285714,25.142857142857142,9876.0,1399.871794871795
Республика Калмыкия,17105.666666666668,0.009450297589760126,0.28187496108895993,25170.833333333332,47.9375,227142.66666666666,79.95454545454545,9.972727272727273,110568.75200000001,20.2,0.0,68861.1,132.86666666666667,3700.8125,267756,41.79615384615385,33.8,0.3,65.9,0.0,2943488.7249999996,,866245.105,5976591.147500001,74042.66666666667,21.75,18.25,61.875,23.926232175000003,58344.28571428572,12113.517142857143,21.614285714285717,10443.0,1179.474358974359
Республика Крым,20024.166666666668,0.13323924347479998,0.17704080477619977,28219.0,107.28571428571429,1317359.8333333333,55.45,14.7,59827.64782608696,19.0,0.4,52444.75,1852.9333333333334,9030.0625,1896393,19.583333333333336,48.2,1.7,50.1,12125549.15,39936970.975,7529568.524999999,92924518.435,152516607.085,128618.875,13.066666666666668,163.875,475.0,19.42278379,497698.6666666667,13066.638333333334,27.699999999999996,11074.0,6060.820512820513
Краснодарский край,34074.5,-0.010170845034939924,0.16822491344383983,32387.0,569.34375,4458424.5,71.5090909090909,18.936363636363637,190935.80400000003,18.1,1.0,66145.15,887.1,64698.486874999995,5687378,20.807692307692307,39.3,6.9,53.8,48578062.05,115584589.76499999,30647632.3225,958763552.8225,1153573836.96,237485.55555555556,21.23333333333333,372.625,1177.25,20.261766042500003,1359581.857142857,12958.15,25.74285714285714,11261.0,17173.423076923078
Астраханская область,23899.5,-0.13942108337787806,0.2625697548035,31866.5,145.71875,463602.8333333333,98.54545454545456,7.0,186836.00400000002,19.2,0.2,63367.850000000006,661.6,13403.935624999998,989430,20.36538461538462,42.1,5.5,52.4,290498866.85,28662224.7,5713025.7975,67181972.225,392056089.5725,169976.22222222222,25.099999999999998,408.625,427.375,21.933635484999996,216465.57142857142,12439.648571428572,23.800000000000004,10793.0,5383.461538461538
Волгоградская область,22899.0,-0.11072499426088012,0.20032720042995256,29850.666666666668,320.28125,1835274.3333333333,96.74545454545455,14.136363636363637,161774.264,17.9,0.6,64322.45,725.4000000000001,26740.798125,2449781,19.738461538461536,46.2,4.0,49.8,51153306.375,71067731.9375,18490929.3,821964051.3824999,962676018.995,149409.88888888888,23.783333333333335,353.0,905.125,18.772043145,644197.0,13232.688571428573,26.985714285714288,9864.0,11086.897435897436
Ростовская область,28582.5,-0.009924828462196,0.1721266959802401,30170.666666666668,551.4375,3740300.5,68.68181818181819,10.436363636363636,152250.328,18.2,0.5,80601.6,1309.0666666666666,44723.35249999999,4153763,18.95,43.9,1.6,54.5,32842315.625,153807890.14499998,35008989.025000006,850696384.9125,1072355579.6075,211610.22222222222,24.016666666666666,561.75,1227.75,18.474006613750003,1066319.2857142857,12883.988571428572,26.7,10787.0,15255.346153846154
Севастополь,26865.833333333332,0.5312132841365362,0.2810569833467893,29421.5,19.428571428571427,215428.16666666666,82.3,27.15,66155.12608695652,13.7,1.2,51587.8,701.2333333333332,2051.061875,522057,11.85,45.2,2.1,52.7,0.0,9683072.7,,14017744.65,28074537.674999997,138725.75,12.766666666666666,36.5,80.625,18.17077031125,102144.0,14107.924999999997,26.74285714285714,11396.0,1238.7051282051282
Республика Дагестан,26623.333333333332,-0.11259177317470004,0.3467876219503998,24190.166666666668,698.625,3176434.6666666665,27.972727272727283,15.19090909090909,94801.812,22.5,0.7,79789.35,246.26666666666668,50170.424374999995,3153857,30.815384615384616,38.3,5.0,56.7,5012344.35,19621097.549999997,2125155.1750000003,44104514.0,70863111.075,189148.33333333334,25.233333333333334,127.125,507.875,28.98536768875,374554.14285714284,11613.378571428571,13.52857142857143,10465.0,3536.0641025641025
Республика Ингушетия,16064.166666666666,0.015913019213000368,0.15683380094103527,24857.333333333332,122.625,591987.6666666666,0.909090909090909,3.318181818181819,57095.112,27.8,0.0,67861.85,274.3,8937.747500000001,524058,50.49615384615385,38.1,10.6,51.3,1163110.425,1183899.9375,587482.925,2084606.875,5019100.1625,47648.22222222222,25.8,0.0,104.75,32.426316035,44778.71428571428,13675.89857142857,12.328571428571427,10353.0,323.6923076923077
Кабардино-Балкарская Республика,20569.666666666668,-0.06444264106177,0.15074302703359987,24720.166666666668,130.3125,604395.6666666666,74.7909090909091,20.990909090909085,84900.384,18.9,0.5,45707.2,196.5333333333333,11785.871874999999,870487,29.2923076923077,35.9,6.7,57.4,323572.94999999995,9138004.9,1335262.55,32968677.869999997,43765518.245,145186.33333333334,22.933333333333334,101.875,152.25,23.82785532,149605.85714285713,11402.769999999999,19.914285714285715,11311.0,2078.0384615384614
Карачаево-Черкесская Республика,18200.166666666668,-0.1384943458439999,0.18351842609000002,24490.833333333332,71.375,541110.8333333334,54.85454545454545,18.527272727272727,84695.48800000001,18.3,1.7,66186.2,187.0,5727.991249999999,464219,31.630769230769225,27.6,6.9,65.5,2770560.175,9519976.8,1281382.0,29686571.650000002,43258490.625,81167.77777777778,20.85,81.75,91.75,22.863087193749998,85425.0,12366.032857142856,21.699999999999996,10277.0,1496.551282051282
Республика Северная Осетия — Алания,23077.5,-0.10132907981296013,0.18866706215642015,25829.333333333332,102.125,662106.8333333334,58.72727272727272,7.845454545454547,102162.86799999999,16.4,2.2,71479.85,50.133333333333326,9633.998124999998,688124,21.973076923076917,34.8,6.8,58.4,674591.775,9059991.525,1569211.8000000003,21136800.55,32440595.65,154792.11111111112,21.416666666666668,122.875,110.625,23.23422336125,164931.7142857143,12860.374285714284,22.842857142857145,9854.0,2086.8205128205127
Чеченская Республика,23330.5,-0.04719493238560002,0.08985425120000023,25364.0,368.9655172413793,1730544.5,16.50909090909091,8.372727272727273,59785.5,19.2,0.4,56307.95,418.76666666666665,32349.106874999994,1516387,9.405555555555555,43.7,6.2,50.1,5169622.175,19031511.15,1735623.35,10858456.4,36795213.075,110248.44444444444,27.316666666666666,0.0,336.125,37.578352295,194732.14285714287,13037.968571428572,10.114285714285714,11240.0,573.0
Ставропольский край,22733.166666666668,-0.09882743140215977,0.16685406195154973,28220.5,368.6875,2222457.8333333335,47.13636363636363,14.990909090909092,120022.11600000001,19.0,0.5,57594.100000000006,607.8333333333334,32139.736249999994,2780204,24.93076923076923,39.2,1.9,58.9,10890881.375,77458091.94999999,11092583.875,290906191.5,390347748.75,176767.33333333334,25.683333333333334,798.5,652.625,20.577898296249998,602059.1428571428,12723.144285714287,24.04285714285714,9777.0,8579.884615384615
Республика Башкортостан,28903.333333333332,-0.09340255591436797,0.23628518176624969,32225.0,562.75,2667438.6666666665,94.66428571428574,8.964285714285714,186549.52400000003,17.4,0.3,84716.1,988.6333333333332,52001.60937499999,4001678,17.692307692307693,40.1,4.5,55.4,267563216.325,132644913.7675,25599343.475,1203815317.3700001,1629622790.9374998,210419.44444444444,18.833333333333332,878.25,1382.625,22.1597987175,974313.7142857143,13488.598571428573,23.571428571428573,9834.0,20304.76923076923
Республика Марий Эл,19778.333333333332,-0.08659010880000007,0.18902387320589642,26877.5,87.0,661144.5,117.99285714285715,6.071428571428572,119959.90800000001,16.5,1.0,92493.8,1042.8999999999999,8509.748125,671455,35.10769230769231,32.8,5.8,61.5,736715.275,11831215.7775,5623352.95,153565910.3975,171757194.4,122354.44444444444,20.716666666666665,233.125,171.5,21.194819742500002,172500.57142857142,12635.154285714283,25.014285714285716,9846.0,2634.0128205128203
Республика Мордовия,18784.166666666668,-0.024522906345201823,0.2089237427747479,26038.0,76.71875,730052.6666666666,123.94285714285714,7.0214285714285705,129067.204,20.0,0.0,67150.4,550.6666666666666,7377.246875000001,770673,29.63076923076923,26.8,12.1,61.2,94286.04999999999,12515915.0,4474408.025,200033500.375,217118109.425,109921.33333333333,18.366666666666664,192.0,94.875,16.855836415000002,211531.0,12672.291428571427,27.37142857142857,9378.0,3350.1666666666665
Республика Татарстан (Татарстан),33778.333333333336,-0.06964776889861579,0.14398659353888,34007.666666666664,447.3125,2997838.1666666665,73.03571428571428,11.671428571428573,275448.456,16.2,0.6,79905.29999999999,724.4333333333334,48107.235624999994,3886395,13.38846153846154,42.0,7.3,50.7,625296919.375,139786086.1025,37070421.074999996,1853920125.825,2656073552.4775,223452.11111111112,12.049999999999999,529.25,951.125,20.937255096250002,959911.5714285715,13608.74857142857,24.357142857142854,9600.0,14927.346153846154
Удмуртская Республика,24368.833333333332,-0.11590482387462975,0.2574663900820999,30437.0,204.1875,1101490.3333333333,104.27857142857142,9.764285714285714,185753.64,14.8,0.6,97955.0,2360.1,19424.999375,1484460,20.92307692307692,49.9,2.7,47.5,221480490.5,40183564.65,10125888.625,360656412.34000003,632446356.115,147003.33333333334,19.2,766.25,482.75,22.23239272125,380778.0,13741.274285714286,24.371428571428567,10314.0,10041.294871794871
Чувашская Республика — Чувашия,18919.666666666668,-0.03761207272,0.25223275756617447,26226.333333333332,135.0625,824991.1666666666,126.95714285714284,2.7285714285714286,118592.18399999998,14.2,0.3,95869.05,1611.8,14882.623125,1198429,26.2076923076923,22.2,4.2,73.6,725413.175,25697725.0075,6453356.65,204777269.7675,237653764.60000002,123133.22222222222,22.516666666666666,124.5,255.125,20.784300562500004,312342.0,12915.45857142857,24.642857142857142,9804.0,5218.2307692307695
Пермский край,29534.333333333332,-0.22497898909081593,0.21406314833324025,34850.166666666664,381.46875,2147283.3333333335,153.9714285714286,21.749999999999996,233702.956,16.0,0.4,96476.05,2082.9333333333334,33769.48499999999,2556852,17.211538461538463,41.5,3.7,54.8,341889802.15,123513130.48,26809566.950000003,1070773341.0199999,1562985840.6,198739.11111111112,21.516666666666666,670.375,1751.125,21.93136519375,672211.0,14032.094285714285,24.400000000000002,10844.0,15674.089743589744
Кировская область,22453.333333333332,-0.10434542204876796,0.2217415519359438,26929.0,153.875,1294276.0,107.29285714285716,3.885714285714286,121634.052,14.9,0.3,75074.95,822.9666666666666,14662.749375,1234780,24.096153846153847,40.8,3.4,55.7,1719270.2149999999,40387686.115,7252260.34,231496545.42,280855762.09,146872.0,23.416666666666668,730.0,400.875,19.45195323,380153.14285714284,13640.787142857143,28.742857142857144,10710.0,8253.358974358975
Нижегородская область,31542.666666666668,-0.11920440322239989,0.14328006026854445,31838.166666666668,367.03125,3036976.0,88.30714285714285,11.549999999999999,195429.78399999999,17.5,0.2,91170.45000000001,676.6999999999999,34569.986874999995,3144254,16.303846153846152,31.7,3.8,64.5,1645956.175,106809487.195,31076052.9,1371244527.14,1510776023.4099998,216634.66666666666,21.250000000000004,921.0,995.0,18.27285711625,901557.4285714285,13816.517142857143,27.571428571428573,10372.0,12602.448717948719
Оренбургская область,23430.833333333332,-0.11192721334839983,0.20699316018259983,29429.0,292.5,2000748.6666666667,131.82857142857142,7.307142857142857,222197.16,19.0,1.0,78544.45000000001,1172.5333333333333,25405.239999999998,1924578,21.876923076923074,42.8,3.3,53.9,500766822.09999996,63039287.6425,19409165.375,322163991.5375,905379266.655,152341.88888888888,25.0,866.0,813.125,21.77001325125,497740.71428571426,12911.635714285714,24.728571428571428,9760.0,10355.564102564103
Пензенская область,22056.0,-0.09770852636444827,0.1805298054606983,27877.666666666668,137.8125,1018099.8333333334,163.48571428571432,10.65,131569.236,16.9,0.1,73892.55,713.4333333333334,12941.874375,1274062,24.615384615384617,32.7,12.8,54.5,1310516.0499999998,22272335.0,6365299.6,219651229.27499998,249599379.925,152727.55555555556,20.983333333333334,142.25,248.125,17.385334727500002,363012.14285714284,12881.85,29.199999999999996,9610.0,5327.858974358975
Самарская область,28243.0,-0.13901434030259185,0.1796468564235676,32428.166666666668,294.78125,2241718.3333333335,91.90714285714286,17.621428571428574,222190.996,16.9,0.3,100452.70000000001,1040.4333333333332,35355.55437499999,3131720,17.623076923076923,36.9,9.5,53.6,321398093.875,127211276.0075,43516514.6225,1077986398.2,1570112282.705,200478.66666666666,22.150000000000002,758.625,978.75,18.618954218749998,833334.8571428572,13820.728571428572,26.714285714285715,10962.0,14540.833333333334
Саратовская область,21397.5,-0.041050857172743926,0.23547165403135994,26983.166666666668,309.34375,1441206.0,95.68571428571428,7.142857142857144,140879.296,17.8,1.7,74971.0,1071.3999999999999,25248.302499999998,2360959,24.03076923076923,39.0,2.5,58.5,35468509.6,97675384.84,14753419.850000001,397223946.305,545121260.595,141272.77777777778,25.116666666666664,578.125,787.25,18.29028589875,639372.1428571428,12699.528571428571,27.271428571428572,9631.0,9176.294871794871
Ульяновская область,23282.833333333332,-0.14609710286656008,0.15635125681880013,27494.666666666668,166.21875,1175804.8333333333,139.60714285714283,17.107142857142854,138229.24800000002,17.9,0.5,88122.25,661.0,13025.873749999999,1203969,21.746153846153845,38.4,3.1,58.5,10636486.84,27296490.200000003,9299930.025,276551226.4775,323784133.5425,146659.22222222222,24.316666666666666,382.625,414.125,17.8735654225,340237.28571428574,12989.854285714286,28.37142857142857,10306.0,5032.384615384615
Курганская область,20773.833333333332,-0.17770840007356015,0.2107747931158248,27134.166666666668,145.21875,774761.8333333334,126.89999999999999,25.157142857142862,119218.696,16.7,0.9,94560.95,1275.6000000000001,10504.121875,805510,29.700000000000003,39.4,2.4,58.2,3381283.325,20621190.39,3600096.6575,112741248.485,140343818.85750002,132054.88888888888,23.683333333333334,422.75,527.75,20.990746445,242866.7142857143,13007.805714285714,28.642857142857142,10452.0,7673.705128205128
Свердловская область,36207.333333333336,-0.11653474450509982,0.14358103552293966,36702.833333333336,493.03125,2887300.0,96.70714285714284,28.599999999999998,240022.08399999997,15.8,0.5,74009.7,1127.6333333333334,54376.48562499999,4264340,15.896153846153844,46.3,2.2,51.5,82182147.125,244949710.18750003,72382575.44500001,1953744313.3975,2353258746.155,252215.0,21.15,2078.25,1760.625,20.8417155275,1146340.5714285714,14535.61857142857,25.37142857142857,10817.0,21953.871794871793
Ханты-Мансийский автономный округ — Югра,50059.5,-0.009115314408640107,0.07662640997600012,69360.0,175.03225806451613,543149.1666666666,110.50714285714288,22.842857142857145,880545.547826087,13.9,0.6,89524.4,1403.8666666666668,23907.366875,1702240,7.8307692307692305,55.6,1.6,42.9,3320220987.4500003,220242182.79999998,23989538.15,618836550.8924999,4183289259.2925005,243728.77777777778,14.85,59.125,347.25,25.07034096625,377333.5714285714,20895.92142857143,15.814285714285715,15890.0,6659.4358974358975
Ямало-Ненецкий автономный округ,78070.5,0.15336344041999972,0.22546234361600015,93313.33333333333,90.5,145572.66666666666,141.69285714285715,18.08571428571429,1640576.786956522,15.5,0.8,113972.4,1704.6333333333332,7957.1875,552117,5.750000000000001,51.0,0.7,48.4,2351223033.225,53939251.0,11384815.625,368252669.38,2784799769.23,249421.33333333334,13.116666666666665,80.75,191.25,26.159551793749998,120536.85714285714,21044.382857142857,11.742857142857142,16640.0,2444.5384615384614
Тюменская область,28856.5,-0.008757745528959804,0.17033608203259964,43150.833333333336,434.625,987659.8333333334,117.22727272727273,19.263636363636365,966404.5959999999,18.1,1.0,63981.399999999994,1585.4666666666665,52818.361249999994,3806505,13.534615384615389,37.9,7.5,54.7,218648828.27499998,53001253.010000005,13002333.925,701439790.755,986092205.965,244851.11111111112,18.71666666666667,269.375,508.125,22.9532965675,325383.71428571426,17420.35,22.357142857142858,11748.0,8732.76923076923
Челябинская область,24744.833333333332,-0.1200412788064481,0.09668500353843212,34139.5,433.125,2332220.1666666665,114.20714285714284,27.014285714285716,189387.968,16.0,0.5,87331.7,1530.5666666666666,42948.986874999995,3418606,18.065384615384616,40.6,6.0,53.4,93129156.525,129556997.4725,38519361.3075,1436463755.1,1697669270.405,156456.77777777778,21.683333333333334,2361.625,1240.125,20.917171205,896189.5714285715,13884.025714285714,25.314285714285713,11232.0,22544.371794871793
Республика Алтай,19304.166666666668,0.06958134826895046,0.3567402835069997,29151.833333333332,59.5625,228873.33333333334,116.1,7.192857142857142,107821.5,14.4,1.8,89430.0,2231.233333333333,3887.4375,221559,32.926923076923075,44.5,2.9,52.6,2061726.7750000001,2872515.9749999996,465722.825,4156743.5625,9556709.1375,116796.11111111111,17.26666666666667,183.75,162.375,30.39333324875,40944.42857142857,12796.235714285716,18.014285714285716,10697.0,2337.5
Республика Тыва,16124.166666666666,0.04557527099313208,0.27973770447680035,34826.166666666664,136.40625,220805.66666666666,86.57142857142858,10.864285714285714,92912.776,13.6,7.3,63618.35,959.3666666666667,7402.311250000001,332609,45.31153846153847,45.0,2.6,52.4,22585844.675,4803955.2075000005,334944.69999999995,529174.255,28253918.8375,71062.88888888889,20.400000000000002,169.625,563.0,36.9003565875,49391.0,14713.874285714288,11.114285714285714,10674.0,2807.871794871795
Республика Хакасия,21181.5,0.008139927334400054,0.18963201556992026,36441.666666666664,97.9375,292806.6666666667,114.7,15.964285714285717,184767.28,17.9,1.0,84791.05,1032.2666666666667,7218.185624999999,528338,24.18076923076923,43.2,2.4,54.3,67074184.925000004,51917294.95,1881975.375,96731987.25,217605442.52499998,150800.0,20.200000000000003,130.5,314.75,23.542532416249998,126818.42857142857,13750.245714285715,22.985714285714288,11795.0,4765.974358974359
Алтайский край,22480.833333333332,-0.10193484237999995,0.21324317664838421,24598.0,323.6875,1816918.1666666667,146.34285714285716,26.207142857142856,114429.31599999999,18.0,0.2,111208.65,1600.0333333333335,27605.676249999993,2268179,28.96538461538461,31.4,9.2,59.4,7014632.824999999,45471965.17,9664880.375,337589826.13,399741304.42499995,144555.33333333334,26.316666666666663,1036.5,936.75,20.66793140875,630019.8571428572,12833.474285714286,26.685714285714287,10211.0,16964.9358974359
Красноярский край,29723.833333333332,0.0005965968071839356,0.24572884020704033,44275.833333333336,464.71875,1893378.1666666667,133.19285714285712,22.307142857142853,337849.376,16.6,0.8,78460.95000000001,1497.0666666666666,36217.365,2849169,19.426923076923078,35.8,4.8,59.4,679192366.95,172422240.635,30496693.88,1373671073.6525002,2255782375.1175003,184501.88888888888,20.366666666666667,2106.625,1523.375,21.387845718750004,705836.1428571428,15137.50857142857,22.557142857142857,13053.0,17580.410256410258
Иркутская область,24346.833333333332,-0.02118148112098006,0.19365204872599984,40869.833333333336,430.90625,2213283.8333333335,160.91428571428574,28.678571428571427,237599.41200000004,16.3,0.9,97599.6,1006.0,34139.17562499999,2357134,23.253846153846155,41.5,7.0,51.5,552957575.55,123274329.775,17268020.9,505605561.275,1199105487.5,142186.33333333334,22.983333333333334,2232.125,1710.25,23.54693924875,604853.0,14845.385714285716,22.37142857142857,11982.0,15168.923076923076
Кемеровская область — Кузбасс,23141.666666666668,-0.08297195113216016,0.24946751449175997,35708.0,378.59375,2322801.5,87.85,32.19285714285714,188432.1,16.3,0.1,86666.6,1866.5,32072.613124999996,2604272,16.31153846153846,39.7,4.5,55.8,916654980.525,97795766.8425,32715991.5475,620240616.1925,1667407355.2075,139066.44444444444,21.55,2096.875,1903.5,21.27300275875,704709.8571428572,14078.904285714283,25.157142857142855,10403.0,20121.858974358973
Новосибирская область,28499.333333333332,0.04644216619064023,0.23841102936320024,34463.333333333336,326.6875,1928634.6666666667,64.03571428571428,25.5,196373.77200000003,16.3,1.1,76264.95,1421.5,33832.54124999999,2780292,25.04615384615385,34.1,4.4,61.5,67549565.975,64822280.66000001,20796745.5375,526400823.5175,679569415.69,181243.22222222222,21.450000000000003,688.875,871.5,19.982271488749998,694504.0,13747.339999999998,24.599999999999998,11845.0,12589.910256410256
Омская область,25742.5,-0.12904032766324613,0.156561600315968,31826.166666666668,257.90625,1337388.5,65.74285714285715,10.571428571428571,178710.56399999998,16.9,0.3,88733.5,1132.5333333333335,24406.615625,1879548,19.111538461538462,38.8,5.1,56.2,3121227.45,52907289.650000006,11134680.774999999,895609084.2225,962772282.0975001,169246.11111111112,26.149999999999995,581.0,714.625,20.90419617125,495861.0,13199.151428571427,24.571428571428573,10324.0,9295.73076923077
Томская область,27370.5,-0.13792743993702372,0.1496350038588803,40624.666666666664,141.8125,649031.5,81.46428571428571,13.414285714285711,252385.984,16.9,0.4,71028.35,1009.1,12830.999375,1068304,18.376923076923077,42.2,3.6,54.2,176564442.0,35486983.277499996,8525704.075,185826651.87499997,406403781.3275,142619.22222222222,20.26666666666667,439.5,506.25,20.62310691875,254532.7142857143,15253.05857142857,22.514285714285716,11850.0,6555.179487179487
Республика Бурятия,24480.333333333332,-0.11701039012047998,0.18412432078471985,34592.333333333336,172.1875,787016.0,61.58571428571428,5.442857142857144,126111.24,17.2,2.6,60954.6,1059.1666666666667,15347.311249999999,982629,29.89230769230769,41.7,3.7,54.6,34718663.175,26144253.657500003,2294639.8575,74400145.8725,137557702.5625,175618.88888888888,20.8,417.375,725.75,26.2978249725,202208.85714285713,13532.05857142857,19.72857142857143,12333.0,8697.51282051282
Республика Саха (Якутия),41844.833333333336,0.017201508998150095,0.12512436737029953,65881.33333333333,199.09375,557478.0,226.10714285714286,6.77857142857143,445547.972,16.5,1.1,103609.70000000001,1822.3666666666668,15041.310625,992115,21.684615384615377,44.2,5.1,50.7,778524891.175,67625405.80250001,6149267.15,36594250.4725,888893814.55,219827.33333333334,14.283333333333331,526.125,549.125,27.142126336249994,220330.85714285713,19492.027142857143,16.585714285714285,17824.0,5212.858974358975
Забайкальский край,23932.666666666668,-0.040945362589062784,0.22265901354086015,38373.5,214.3125,831253.0,122.05,7.757142857142858,141752.932,17.1,0.9,67719.95,1664.3,15797.249375,1043467,34.4076923076923,33.4,7.2,59.3,124267867.85,33936623.075,3242204.3999999994,26805987.7625,188252683.0625,148510.66666666666,22.966666666666665,1425.625,718.125,24.84079071,221499.57142857142,13342.068571428574,20.057142857142857,12999.0,9943.961538461539
Камчатский край,48132.0,0.05049618728410388,0.2260867617109159,70722.83333333333,48.375,142419.5,140.75714285714287,8.178571428571427,324625.056,15.9,2.0,79468.65,1427.3666666666668,3834.875,312704,20.115384615384617,42.6,5.9,51.5,23851252.125,20883110.525,2800434.9,123604719.1,171139516.625,176961.66666666666,13.933333333333332,297.125,145.5,20.467565183750004,81718.14285714286,21317.22857142857,20.214285714285715,21524.0,1927.5128205128206
Приморский край,33902.0,-0.03542156414354791,0.21629444325160185,41116.666666666664,300.25,1139707.8333333333,96.0642857142857,33.01428571428572,214573.54,15.7,1.4,71697.25,1630.6666666666667,22051.930624999997,1863011,25.407692307692304,49.6,4.2,46.2,22455433.7375,66199283.85,9961084.045,250033929.115,348649730.7475,198118.44444444444,21.7,1915.75,946.125,19.23778905125,459629.85714285716,14320.50857142857,24.285714285714285,14025.0,10457.205128205129
Хабаровский край,38567.666666666664,-0.08164031331009991,0.11350159818920003,45182.333333333336,205.875,698636.3333333334,135.70714285714288,11.292857142857144,249471.188,15.4,0.2,67013.45000000001,1201.8,16668.5625,1298978,19.157692307692308,32.7,6.4,60.9,54872070.24999999,57531118.0,12990158.049999999,319078735.8125,444472082.1125,230455.0,21.083333333333332,1192.125,696.0,20.19356464875,331342.5714285714,16283.047142857144,22.599999999999998,15569.0,7941.25641025641
Амурская область,30861.5,-0.027403665734656135,0.26585639060480015,41014.333333333336,174.84375,689333.6666666666,117.42142857142858,25.092857142857138,196049.81199999995,17.3,0.3,83665.5,1763.2,10224.059375,772525,26.188461538461546,38.4,4.7,56.9,80939265.325,40325051.675,3183552.825,35828147.2,160276017.125,205867.0,23.816666666666666,744.5,582.375,22.211413442500003,187448.42857142858,14376.509999999998,22.514285714285712,13530.0,6080.7307692307695
Магаданская область,58826.833333333336,0.0784119665682439,0.2665458540350003,82467.5,26.4375,53288.666666666664,317.8,18.814285714285717,488520.87200000003,13.8,0.0,68714.79999999999,4021.9,1678.375,137767,17.915384615384617,45.8,11.5,54.2,76366952.75,16682955.124999998,999898.1000000001,91562618.8175,185612424.7925,214824.22222222222,11.666666666666664,230.25,59.125,20.63277497125,40223.0,21487.675714285717,21.014285714285712,20830.0,1013.8589743589744
Сахалинская область,53568.333333333336,0.05227032996800007,0.25154656064000047,75366.83333333333,68.25,228219.5,285.67857142857144,28.27142857142857,860733.34,17.2,0.0,82027.2,3441.4,6156.676875,484177,18.892307692307693,44.9,12.1,43.0,846310542.275,18330060.9525,3436313.85,61498004.3,929574921.3774999,294622.77777777775,12.950000000000001,299.0,263.625,21.016273803749996,145305.57142857142,18548.972857142853,22.97142857142857,16130.0,3137.628205128205
Еврейская автономная область,24975.5,-0.13307277375078397,0.16658908482406387,37558.166666666664,46.125,133875.83333333334,164.3642857142857,34.371428571428574,157024.00400000002,13.8,0.5,68677.5,1718.4333333333332,2186.0625,153831,22.21923076923077,34.8,10.8,54.4,12247185.225,4597385.475,463655.725,6364508.75,23672735.175,144836.0,24.849999999999998,330.125,122.5,22.73442909,37462.42857142857,13866.335714285713,22.485714285714284,15416.0,984.3333333333334
Чукотский автономный округ,75961.83333333333,0.12378906731056016,0.21442191284960055,97464.16666666667,19.46875,17199.5,449.64285714285705,2.585714285714286,724122.6760000001,14.1,0.0,118067.15,1694.3,669.4375,50040,11.93846153846154,51.0,2.7,49.0,42658962.75,9914401.924999999,507877.575,40664565.3,93745807.55000001,168237.55555555556,6.55,54.0,41.125,25.24734485875,12337.42857142857,25242.222857142853,14.171428571428573,23999.0,349.8974358974359
